{"cameraMode":{"drawMode":0,"name":"Shaded","section":"Shading Mode"},"sceneLighting":false,"audioPlay":false,"sceneViewState":{"showFog":true,"showMaterialUpdate":false,"showSkybox":true,"showFlares":true,"showImageEffects":true,"showParticleSystems":true},"in2DMode":false,"pivot":{"x":-0.16551721096038819,"y":-0.11709320545196533,"z":-9.549893379211426},"rotation":{"x":-0.13316845893859864,"y":-0.8665127754211426,"z":0.35254383087158205,"w":-0.3273142874240875},"size":0.5044705271720886,"orthographic":false}