{"cameraMode":{"drawMode":0,"name":"Shaded","section":"Shading Mode"},"sceneLighting":false,"audioPlay":false,"sceneViewState":{"showFog":true,"showMaterialUpdate":true,"showSkybox":true,"showFlares":true,"showImageEffects":true,"showParticleSystems":true},"in2DMode":false,"pivot":{"x":95.46003723144531,"y":-59.94313430786133,"z":20.83799171447754},"rotation":{"x":0.21225284039974214,"y":0.5729359984397888,"z":-0.15671589970588685,"w":0.7759724259376526},"size":119.88970184326172,"orthographic":false}