{"cameraMode":{"drawMode":0,"name":"Shaded","section":"Shading Mode"},"sceneLighting":false,"audioPlay":false,"sceneViewState":{"showFog":true,"showMaterialUpdate":true,"showSkybox":true,"showFlares":true,"showImageEffects":true,"showParticleSystems":true},"in2DMode":false,"pivot":{"x":90.17901611328125,"y":69.66305541992188,"z":241.84547424316407},"rotation":{"x":0.26867929100990298,"y":0.3585580885410309,"z":-0.10856220126152039,"w":0.8873904347419739},"size":684.1366577148438,"orthographic":false}