{"cameraMode":{"drawMode":0,"name":"Shaded","section":"Shading Mode"},"sceneLighting":false,"audioPlay":false,"sceneViewState":{"showFog":true,"showMaterialUpdate":false,"showSkybox":true,"showFlares":true,"showImageEffects":true,"showParticleSystems":true},"in2DMode":false,"pivot":{"x":0.0,"y":-0.8899999856948853,"z":-7.340000152587891},"rotation":{"x":-0.17622175812721253,"y":-0.6759008169174194,"z":0.17143504321575166,"w":-0.6947762370109558},"size":2.5223491191864015,"orthographic":false}